<?xml version="1.0" encoding="UTF-8"?>
<arquillian xmlns="http://www.jboss.org/arquillian-1.0" xmlns:xsi="http://www.w3.org/2001/XMLSchema-instance"
    xsi:schemaLocation="http://www.jboss.org/arquillian-1.0 http://jboss.org/schema/arquillian/arquillian-1.0.xsd">
    
    <container qualifier="wildfly-managed-8">
        <configuration>
            <property name="javaVmArguments">-Xmx1024m -XX:MaxPermSize=512m ${jacoco.agent}</property>
        </configuration>
    </container>
    
    <container qualifier="wildfly-remote-8">
    </container>

</arquillian>
