<?xml version='1.0' encoding='UTF-8'?>
<faces-config version="2.2" xmlns="http://xmlns.jcp.org/xml/ns/javaee"
   xmlns:xsi="http://www.w3.org/2001/XMLSchema-instance"
   xsi:schemaLocation="http://xmlns.jcp.org/xml/ns/javaee http://xmlns.jcp.org/xml/ns/javaee/web-facesconfig_2_2.xsd">
   
   <name>weldpastecode</name>

   <navigation-rule>
      <from-view-id>/home.xhtml</from-view-id>
      <navigation-case>
         <from-outcome>success</from-outcome>
         <to-view-id>/#{pasteWindow.codeFragmentId}</to-view-id>
         <redirect />
      </navigation-case>
   </navigation-rule>

   <navigation-rule>
      <from-view-id>/history.xhtml</from-view-id>
      <navigation-case>
         <from-action>#{history.newSearch}</from-action>
         <to-view-id>/history.xhtml?page=#{history.page}</to-view-id>
      </navigation-case>
   </navigation-rule>

</faces-config>
