<?xml version="1.0" encoding="utf-8"?>

<!--

    Configuration file for UrlRewriteFilter
    http://tuckey.org/urlrewrite/

-->

<urlrewrite>
   
   <!-- first construct nice address (ending with number, e.g. /0532106545) and show it in URL field-->  
   <rule>
       <from>^/(\w{6})\.jsf$</from>
       <to type="redirect" last="true">/weld-pastecode/$1</to>       
   </rule> 
   
   <rule>
       <from>^/(\d+)\.jsf$</from>
       <to type="redirect">/weld-pastecode/$1</to>
   </rule> 
   
   <!-- then forward to appropriate page without changing displayed URL -->
   <rule>
       <from>^/(\w{6})$</from>
       <to type="forward" last="true">display.jsf?id=$1</to>
   </rule> 
   
   <rule>
       <from>^/(\d+)$</from>
       <to type="forward">display.jsf?id=$1</to>
   </rule>

</urlrewrite>

