<?xml version="1.0" encoding="UTF-8"?>
<!--
 JBoss, Home of Professional Open Source
 Copyright 2009, Red Hat Middleware LLC, and individual contributors
 by the @authors tag. See the copyright.txt in the distribution for a
 full listing of individual contributors.
 
 This is free software; you can redistribute it and/or modify it
 under the terms of the GNU Lesser General Public License as
 published by the Free Software Foundation; either version 2.1 of
 the License, or (at your option) any later version.
 
 This software is distributed in the hope that it will be useful,
 but WITHOUT ANY WARRANTY; without even the implied warranty of
 MERCHANTABILITY or FITNESS FOR A PARTICULAR PURPOSE. See the GNU
 Lesser General Public License for more details.
 
 You should have received a copy of the GNU Lesser General Public
 License along with this software; if not, write to the Free
 Software Foundation, Inc., 51 Franklin St, Fifth Floor, Boston, MA
 02110-1301 USA, or see the FSF site: http://www.fsf.org.
-->
<faces-config version="2.2"
   xmlns="http://xmlns.jcp.org/xml/ns/javaee"
   xmlns:xsi="http://www.w3.org/2001/XMLSchema-instance"
   xsi:schemaLocation="
      http://xmlns.jcp.org/xml/ns/javaee
      http://xmlns.jcp.org/xml/ns/javaee/web-facesconfig_2_2.xsd">

   <navigation-rule>
      <from-view-id>*</from-view-id>
      <navigation-case>
         <from-action>#{blog.search}</from-action>
         <to-view-id>/home.xhtml</to-view-id>
         <redirect include-view-params="true"/>
      </navigation-case>
   </navigation-rule>

   <navigation-rule>
      <from-view-id>/category.xhtml</from-view-id>
      <navigation-case>
         <from-action>#{blog.search}</from-action>
         <to-view-id>#{view.viewId}</to-view-id>
         <redirect include-view-params="true"/>
      </navigation-case>
      <navigation-case>
         <from-action>#{blog.loadLatestEntriesInCategory}</from-action>
         <if>#{blog.category eq null}</if>
         <to-view-id>/home.xhtml</to-view-id>
         <redirect/>
      </navigation-case>
   </navigation-rule>

   <navigation-rule>
      <from-view-id>/entry.xhtml</from-view-id>
      <navigation-case>
         <from-action>#{commentBoard.post}</from-action>
         <to-view-id>#{view.viewId}</to-view-id>
         <redirect include-view-params="true"/>
      </navigation-case>
   </navigation-rule>

</faces-config>
