<?xml version="1.0" encoding="UTF-8"?>
<arquillian xmlns="http://www.jboss.org/arquillian-1.0" xmlns:xsi="http://www.w3.org/2001/XMLSchema-instance"
    xsi:schemaLocation="http://www.jboss.org/arquillian-1.0 http://jboss.org/schema/arquillian/arquillian-1.0.xsd">
    
    <container qualifier="wildfly-managed-8">
        <configuration>
            <property name="javaVmArguments">-Xmx1024m -XX:MaxPermSize=512m ${jacoco.agent}</property>
        </configuration>
    </container>

    <container qualifier="wildfly-remote-8">
    </container>
    
    <group qualifier="wildfly-cluster-8">

        <container qualifier="container1" default="true" mode="manual" managed="false">
            <configuration>
                <property name="managementAddress">${node1.managementAddress:127.0.1.1}</property>
                <property name="managementPort">${node1.managementPort:9990}</property>
                <property name="jbossHome">${node1.jbossHome}</property>
                <property name="javaVmArguments">-Djboss.node.name=${node1.nodeName:node1} -Djava.net.preferIPv4Stack=true</property>
                <property name="serverConfig">${jboss.server.config.file.name:standalone-ha.xml}</property>
            </configuration>
        </container>

        <container qualifier="container2" default="false" mode="manual" managed="false">
            <configuration>
                <property name="managementAddress">${node2.managementAddress:127.0.2.1}</property>
                <property name="managementPort">${node2.managementPort:9990}</property>
                <property name="jbossHome">${node2.jbossHome}</property>
                <property name="javaVmArguments">-Djboss.node.name=${node2.nodeName:node2} -Djava.net.preferIPv4Stack=true</property>
                <property name="serverConfig">${jboss.server.config.file.name:standalone-ha.xml}</property>
            </configuration>
        </container>

    </group>
    
</arquillian>
